name,type,id
types of arrhythmia,Symptom,S_1
bradyarrhythmia_(<60_bpm),Symptom,S_2
dx,Symptom,S_3
abnormal_beats,Symptom,S_20
tachyarrhythmia_(>100_bpm),Symptom,S_26
narrow_qrs_(<120_msec)_svt,Symptom,S_27
regular_rhythm_svt_(constant_r-r_interval),Symptom,S_28
irregular_rhythm_svt_(variable_r-r_interval),Symptom,S_53
wide_qrs_(>120msec)_vt_or_svt_with_aberrancy,Symptom,S_67
regular_rhythm_(constant_r-r_interval),Symptom,S_68
causes of arrhythmia,Symptom,S_85
cardiac,Symptom,S_86
structural,Symptom,S_87
electrical_conduction_abnormalities,Symptom,S_95
non-cardiac,Symptom,S_106
high_output_state,Symptom,S_107
metabolic,Symptom,S_119
drugs,Symptom,S_131
psychiatric,Symptom,S_151
chest discomfort,Symptom,S_157
cardiovascular,Symptom,S_158
outflow_obstruction,Symptom,S_159
ischemic,Symptom,S_163
non-ischemic,Symptom,S_171
pulmonary/mediastinal,Symptom,S_186
vascular,Symptom,S_187
chest_wall/pleura,Symptom,S_195
parenchymal,Symptom,S_207
other,Symptom,S_222
gastrointestinal,Symptom,S_223
musculoskeletal,Symptom,S_247
neurologic/psychiatric,Symptom,S_259
hypertension,Symptom,S_273
primary_(essential)_(95%)_,Symptom,S_274
secondary_(5%),Symptom,S_283
exogenous_,Symptom,S_284
renal,Symptom,S_304
mechanical,Symptom,S_312
endocrine,Symptom,S_320
mislabelled,Symptom,S_347
hypertension in pregnancy,Symptom,S_352
pre-existing_hypertension_,Symptom,S_353
no_proteinuria,Symptom,S_354
chronic_hypertension,Symptom,S_355
proteinuria_(>=0.3g/24hr_urine)_or_one_or_more_adverse_conditions,Symptom,S_364
gestational_hypertension,Symptom,S_367
pre-eclampsia+seizures/coma,Symptom,S_376
left-sided heart failure,Symptom,S_378
valvular_disease_(preserved_diastolic/systolic_function),Symptom,S_379
myocardial,Symptom,S_391
systolic_dysfunction_(reduced_ejection_fraction),Symptom,S_392
impaired_contractility,Symptom,S_393
coronary_artery_disease,Symptom,S_394
chronic_volume_overload,Symptom,S_406
dilated_cardiomyopathies,Symptom,S_418
diastolic_dysfunction_(preserved_ejection_fraction),Symptom,S_440
impaired_diastolic_filling,Symptom,S_441
isolated right-sided heart failure,Symptom,S_458
myocardium,Symptom,S_460
valves,Symptom,S_468
pericardium,Symptom,S_476
pulmonary,Symptom,S_483
pulse abnormalities,Symptom,S_514
unequal/delayed,Symptom,S_515
pulsus_alternans,Symptom,S_533
pulsus_paradoxus,Symptom,S_536
aortic_stenosis,Symptom,S_551
water_hammer_pulse,Symptom,S_560
shock,Symptom,S_565
warm_extremities,Symptom,S_566
distributive_shock,Symptom,S_567
cold_extremities,Symptom,S_582
high_jvp,Symptom,S_583
cardiogenic_shock,Symptom,S_584
obstructive_shock,Symptom,S_604
low_jvp,Symptom,S_618
hypovolemic_shock,Symptom,S_619
syncope,Symptom,S_641
neurocardiogenic,Symptom,S_642
stroke_volume,Symptom,S_655
contractility,Symptom,S_656
afterload,Symptom,S_666
preload,Symptom,S_676
heart_rate/rhythm,Symptom,S_695
tachyarrhythmia,Symptom,S_696
bradyarrhythmia,Symptom,S_711
respiratory,Symptom,S_729
systolic murmur,Symptom,S_758
benign/flow/hyperdynamic,Symptom,S_759
stenosis,Symptom,S_768
supravalvular,Symptom,S_769
subvalvular,Symptom,S_777
valvular,Symptom,S_785
pulmonary_stenosis,Symptom,S_801
incompetent_valve,Symptom,S_804
mitral_regurgitation,Symptom,S_805
leaflet/annulus,Symptom,S_806
chordae_tendinae,Symptom,S_836
papillary_muscle_dysfunction,Symptom,S_856
tricuspid_regurgitation,Symptom,S_870
dilation_of_right_ventricle/annulus,Symptom,S_871
leaflet,Symptom,S_886
diastolic murmur,Symptom,S_911
early_diastolic,Symptom,S_912
mid-diastolic,Symptom,S_918
late_diastolic,Symptom,S_930
pulmonary function tests,Symptom,S_938
fev1/fvc>=lln,Symptom,S_939
fvc>=lln,Symptom,S_940
"dl,co>=lln",Symptom,S_941
"dl,co<lln",Symptom,S_946
tlc<=lln,Symptom,S_951
restriction,Symptom,S_952
fev1/fvc<lln,Symptom,S_961
obstruction,Symptom,S_963
fvc<lln,Symptom,S_974
tlc>=lln,Symptom,S_975
tlc<lln,Symptom,S_989
acid-base disorder,Symptom,S_991
ph<7.35,Symptom,S_992
metabolic_acidosis,Symptom,S_993
respiratory_acidosis,Symptom,S_1001
ph=_7.35-7.45,Symptom,S_1008
ph>7.45,Symptom,S_1011
respiratory_alkalosis,Symptom,S_1015
pleural_processes,Symptom,S_1043
processes_that_can_affect_the_pleura,Symptom,S_1059
chest trauma,Symptom,S_1135
chest_wall,Symptom,S_1148
lung,Symptom,S_1157
cough,Symptom,S_1165
chronic_cough_(>3_wks),Symptom,S_1166
normal_chest_x-ray,Symptom,S_1167
normal_spirometry,Symptom,S_1168
upper_airway,Symptom,S_1169
lower_airway,Symptom,S_1199
obstructive_disease,Symptom,S_1240
abnormal_chest_x-ray,Symptom,S_1249
dyspnea,Symptom,S_1271
acute,Symptom,S_1272
pleural,Symptom,S_1286
airway,Symptom,S_1301
lower_airway_,Symptom,S_1302
chronic,Symptom,S_1329
pericardial,Symptom,S_1331
arrhythmia,Symptom,S_1386
airways,Symptom,S_1401
parenchyma,Symptom,S_1416
alveoli,Symptom,S_1417
interstitium,Symptom,S_1423
vessels,Symptom,S_1447
pump,Symptom,S_1458
excessive daytime sleepiness,Symptom,S_1490
insufficient_sleep,Symptom,S_1491
sleep_disorders,Symptom,S_1500
medical/psychiatric_disorders,Symptom,S_1515
hemoptysis,Symptom,S_1532
massive_hemoptysis,Symptom,S_1533
non-massive_hemoptysis,Symptom,S_1545
normal,Symptom,S_1546
focal_abnormality,Symptom,S_1558
infection,Symptom,S_1559
malignancy,Symptom,S_1579
pulmonary_vasculitis,Symptom,S_1584
diffuse_abnormality,Symptom,S_1608
hypoxemia,Symptom,S_1618
high_aa_gradient,Symptom,S_1619
right-to-left_shunt,Symptom,S_1620
intracardiac,Symptom,S_1621
ventilation/perfusion_mismatch,Symptom,S_1645
diffusion_limitation,Symptom,S_1657
normal_aa_gradient,Symptom,S_1664
low_inspired_po2,Symptom,S_1665
hypoventilation,Symptom,S_1669
central,Symptom,S_1670
peripheral,Symptom,S_1685
lung nodule,Symptom,S_1702
new_nodule,Symptom,S_1703
multiple_nodules,Symptom,S_1704
inflammation,Symptom,S_1735
solitary_nodule,Symptom,S_1759
nodule_on_cxr_>_2_years_without_a_change_in_size,Symptom,S_1786
mediastinal mass,Symptom,S_1794
anterior,Symptom,S_1795
middle,Symptom,S_1807
posterior,Symptom,S_1816
pleural effusion,Symptom,S_1824
exudate,Symptom,S_1825
transudate,Symptom,S_1857
increased_hydrostatic_pressure,Symptom,S_1858
decreased_oncotic_pressure,Symptom,S_1870
pulmonary hypertension,Symptom,S_1876
pulmonary_arterial_hypertension,Symptom,S_1877
left-sided_heart_disfunction,Symptom,S_1883
lung_disease_and/or_hypoxemia,Symptom,S_1892
chronic_thromboembolic_disease,Symptom,S_1901
miscellaneous,Symptom,S_1904
anemia,Symptom,S_1909
blood_loss,Symptom,S_1910
normocytic/normochromic_rbcs_on_smear,Symptom,S_1911
"any_combination_of:_decreased_reticulocytes,_mcv,mch,mchc,serum_iron,_ferritin_increased,_tibc,_hypochronic_rbcs",Symptom,S_1915
decreased_rbc_production,Symptom,S_1918
increased_rbc_destruction,Symptom,S_1933
congenital,Symptom,S_1934
acquired,Symptom,S_1950
low_mean_corpuscular_volume_(<80fl),Symptom,S_1957
normal_mean_corpuscular_volume_(80-100_fl),Symptom,S_1969
high_mean_corpuscular_volume_(>100_fl),Symptom,S_1981
anemia with elevated mean corpuscular volume,Symptom,S_2001
normal_blood_smear,Symptom,S_2002
oval_macrocytes_hypersegmented_neutrophils,Symptom,S_2005
low_rbc_folate,Symptom,S_2006
low_serum_b12,Symptom,S_2018
anti-if_antibodies_present,Symptom,S_2019
anti-if_antibodies_not_present,Symptom,S_2024
rbcs_in_rouleaux_formation,Symptom,S_2042
dysplastic,Symptom,S_2045
macrocytosis_target_cells_normal_wbcs,Symptom,S_2048
normal_liver_function_tests,Symptom,S_2049
abnormal_liver_function_tests,Symptom,S_2053
anemia with normal mean corpuscular volume,Symptom,S_2055
decreased_wbcs,Symptom,S_2056
decreased/normal_reticulocytosis,Symptom,S_2057
increased_reticulocytosis,Symptom,S_2065
normal/increased_wbcs,Symptom,S_2072
"polychromatic_macrocytes,_normal_rbcs",Symptom,S_2074
"polychromatic_macrocytes,_rbc_spherocytes,_rbc_fragments",Symptom,S_2084
abnormal_rbcs_,Symptom,S_2089
normal_reticulocytosis,Symptom,S_2093
anemia with low mean corpuscular volume,Symptom,S_2115
"ferritin_decreased,_serum_iron_decreased,_tibc_increased",Symptom,S_2116
"ferritin_normal/increased,serum_iron_decreased,tibc_normal/decreased",Symptom,S_2119
"ferritin_normal/increased,serum_iron_normal,tibc_normal",Symptom,S_2122
"increased_hgba2,_normal_hgba",Symptom,S_2123
"increased_hgba2,_increased_hgbf,_no_hgba",Symptom,S_2127
"increased_hgbh,_hgbh_inclusions_in_rbc",Symptom,S_2131
bleeding/bruising,Symptom,S_2137
platelets,Symptom,S_2138
thrombocytopenia,Symptom,S_2139
disordered_platelet_function,Symptom,S_2151
vascular_system,Symptom,S_2164
coagulation_proteins,Symptom,S_2180
"long pt (inr), long ptt",Symptom,S_2211
factor_deficiency,Symptom,S_2212
disseminated_intravascular_coagulation,Symptom,S_2230
vitamin_k_problem,Symptom,S_2235
vitamin_k_deficiency,Symptom,S_2236
antagonist,Symptom,S_2242
liver_disease,Symptom,S_2247
inhibitor,Symptom,S_2250
normal ptt/long pt,Symptom,S_2256
sufficient_vitamin_k,Symptom,S_2257
insufficient_vitamin_k,Symptom,S_2260
child/adult,Symptom,S_2262
newborn,Symptom,S_2272
vitamin_k_antagonist,Symptom,S_2276
long ptt/normal pt,Symptom,S_2278
bleeding_tendency,Symptom,S_2279
x-linked_disorder,Symptom,S_2281
autosomal_recessive_disorder,Symptom,S_2291
autosomal_dominant_disorder,Symptom,S_2296
autoantibodies,Symptom,S_2301
no_bleeding_tendency,Symptom,S_2314
splenomegaly,Symptom,S_2329
evidence_of_portal_hypertension_or_coagulopathy,Symptom,S_2330
congestive,Symptom,S_2331
infectious,Symptom,S_2338
infiltrative,Symptom,S_2350
non-malignant,Symptom,S_2351
malignant,Symptom,S_2363
inflamatory,Symptom,S_2374
blood_smear_abnormalities,Symptom,S_2386
hemolytic_disease,Symptom,S_2387
fever in the immunocompromised host,Symptom,S_2401
cellular_defect,Symptom,S_2402
cell_mediated_immunity,Symptom,S_2403
neutropenia_or_neutrophil_dysfunction,Symptom,S_2411
structural_defect,Symptom,S_2430
protein_defect,Symptom,S_2436
complement_deficiency,Symptom,S_2437
hypogammaglobulinemia,Symptom,S_2441
diffuse lymphadenopathy,Symptom,S_2455
reactive,Symptom,S_2456
systemic_inflammatory,Symptom,S_2457
neoplastic,Symptom,S_2508
leukemia,Symptom,S_2509
"history_of_bleeding,_infection,_fatigue",Symptom,S_2510
"asymptomatic,_age>50",Symptom,S_2515
monoclonal_lymphocytes_on_biopsy,Symptom,S_2519
reed_sternberg_cells_on_biopsy,Symptom,S_2523
localized lymphadenopathy,Symptom,S_2525
inflammatory,Symptom,S_2527
stage_i-ii_lymphoma,Symptom,S_2543
metastatic_carcinoma,Symptom,S_2551
increased neutrophils,Symptom,S_2573
reactive_(orderly_wbc_differential),Symptom,S_2574
medications,Symptom,S_2587
cancer,Symptom,S_2599
neoplastic_(disorderly_wbc_differential),Symptom,S_2626
myeloproliferative_disorder,Symptom,S_2627
neutropenia,Symptom,S_2636
isolated_neutrophil_decrease,Symptom,S_2637
decreased_marrow_production,Symptom,S_2641
viral_infection,Symptom,S_2682
increased_consumption,Symptom,S_2714
increased_destruction,Symptom,S_2722
bicytopenia/pancytopenia,Symptom,S_2729
sequestration,Symptom,S_2730
decreased_production,Symptom,S_2734
marrow_infiltration,Symptom,S_2735
stem_cell_damage_or_suppression,Symptom,S_2750
nutritional_deficiency,Symptom,S_2780
polycythemia,Symptom,S_2782
relative,Symptom,S_2783
true,Symptom,S_2795
jak-2_positive,Symptom,S_2796
jak-2__negative,Symptom,S_2800
high_affinity_hemoglobin,Symptom,S_2801
hipoxia,Symptom,S_2816
"heart_murmur,_cyanosis_without_pulmonary_disease",Symptom,S_2817
"abnormal_chest_x-ray,_shortness_of_breath,_cough,_smoking,_snoring,_chronic_chest_symptoms",Symptom,S_2823
suspected deep vein thrombosis,Symptom,S_2835
low_<=_2_points,Symptom,S_2836
negative_d-dimer,Symptom,S_2837
positive_d-dimer,Symptom,S_2841
negative_leg_u/s,Symptom,S_2842
positive_leg_u/s,Symptom,S_2847
high:_>2,Symptom,S_2850
negative_leg_u/s_at_1_week,Symptom,S_2856
positive_leg_u/s_at_1_week,Symptom,S_2861
negative_venogram,Symptom,S_2866
positive_venogram,Symptom,S_2871
low:_<=4_points_,Symptom,S_2874
high:_>_4_points_,Symptom,S_2878
"ct-­‐pa_or_compression
u/s",Symptom,S_2879
positive_ct-pa,Symptom,S_2880
negative_ct-pe,Symptom,S_2885
los_clinical_suspicion,Symptom,S_2886
non-diagnostic,Symptom,S_2891
compression_u/s,Symptom,S_2892
positive_,Symptom,S_2893
negative,Symptom,S_2900
high_clinical_suspicion,Symptom,S_2906
positive_d-dimmer,Symptom,S_2920
low platelet count,Symptom,S_2963
increased_sequestration,Symptom,S_2964
decreased_megakaryopoiesis,Symptom,S_2968
ineffective_megakaryopoiesis,Symptom,S_2980
non-immune,Symptom,S_2996
immune,Symptom,S_3020
autoinmmune,Symptom,S_3021
alloimmune,Symptom,S_3041
thrombocytosis,Symptom,S_3058
spurious_,Symptom,S_3059
autonomous,Symptom,S_3062
tissue_damage,Symptom,S_3091
non_malignant_hematologic_conditions,Symptom,S_3103
hemolysis,Symptom,S_3121
extravascular,Symptom,S_3122
extrinsic_to_rbc_,Symptom,S_3123
immune-mediated,Symptom,S_3124
intrinsic_to_rbc,Symptom,S_3143
abnormal_hgb_&_high_defects,Symptom,S_3144
membrane_defects,Symptom,S_3159
rbc_enzyme_defects,Symptom,S_3169
intravascular,Symptom,S_3177
infections,Symptom,S_3178
complement-mediated,Symptom,S_3190
medical_shearing,Symptom,S_3210
abdominal distention,Symptom,S_3220
bowel_dilatation,Symptom,S_3221
mechanical_obstruction,Symptom,S_3222
pseudo-obstruction,Symptom,S_3238
paralytic_ileus,Symptom,S_3239
acute_colonic_,Symptom,S_3254
ogilviess_syndrome_,Symptom,S_3255
toxic_megacolon,Symptom,S_3279
chronic_intestinal,Symptom,S_3296
myopathic_,Symptom,S_3297
neuropathic,Symptom,S_3309
ascites,Symptom,S_3318
high_albumin_gradient_(saag)*,Symptom,S_3319
portal_hypertension_,Symptom,S_3320
low_albumin_gradient_(saag)*,Symptom,S_3349
peritoneal,Symptom,S_3350
other_causes,Symptom,S_3360
other_causes_,Symptom,S_3373
pelvic_mass,Symptom,S_3374
feces/flatus,Symptom,S_3398
organomegaly,Symptom,S_3418
abdominal mass,Symptom,S_3436
pulsatile,Symptom,S_3459
pseudoneoplastic,Symptom,S_3463
acute abdominal pain,Symptom,S_3465
diffuse,Symptom,S_3466
peritonitic,Symptom,S_3467
non-peritonitic,Symptom,S_3483
localized,Symptom,S_3522
upper_quadrant,Symptom,S_3523
lower_quadrant,Symptom,S_3543
non-peritoneal,Symptom,S_3544
right_upper_quadrant,Symptom,S_3565
epigastric,Symptom,S_3595
left_upper_quadrant,Symptom,S_3619
bowel,Symptom,S_3637
pelvic/adrenal,Symptom,S_3655
chronic abdominal pain,Symptom,S_3675
constant,Symptom,S_3676
any_location/diffuse,Symptom,S_3713
cramping/fleeting,Symptom,S_3728
post-prandial,Symptom,S_3764
anorectal pain,Symptom,S_3799
diagnosis_of_exlusion,Symptom,S_3800
internal_lesion,Symptom,S_3803
proctitis,Symptom,S_3804
external_lesion,Symptom,S_3819
dermatologic,Symptom,S_3820
anorectal_disease,Symptom,S_3828
acute diarrhea,Symptom,S_3838
nausea/vomiting_predominant,Symptom,S_3840
diarrhea_predominant,Symptom,S_3848
watery/large_volume,Symptom,S_3849
bloody/pain/small_volume_/urgency,Symptom,S_3874
non-bloody,Symptom,S_3883
bloody,Symptom,S_3891
chronic diarrhea,Symptom,S_3899
small_bowel,Symptom,S_3900
disordered_motility,Symptom,S_3901
osmotic,Symptom,S_3913
secretory,Symptom,S_3925
mucosal,Symptom,S_3926
tumors,Symptom,S_3946
steatorrhea,Symptom,S_3974
maldigestive,Symptom,S_3975
malabsorptive,Symptom,S_3979
primary_malabsorption,Symptom,S_3980
secondary_malabsorption,Symptom,S_3995
large_bowel_,Symptom,S_4013
motility,Symptom,S_4014
constipation,Symptom,S_4044
alterated_bowel_function,Symptom,S_4045
diet/lifestyle,Symptom,S_4046
severe_idiopathic,Symptom,S_4077
outlet_delay_,Symptom,S_4081
secondary_causes,Symptom,S_4087
neurogenic,Symptom,S_4088
peripherial,Symptom,S_4089
non-neurogenic,Symptom,S_4118
colorectal_disease,Symptom,S_4134
neonate/infant,Symptom,S_4142
dietary/functional,Symptom,S_4143
neurologic,Symptom,S_4147
older_child,Symptom,S_4166
anatomic,Symptom,S_4179
dysphagia,Symptom,S_4201
oropharyngeal_dysphagia,Symptom,S_4202
neuromuscular/toxic/metabolic,Symptom,S_4215
esophageal_dysphagia,Symptom,S_4238
motor_disorder,Symptom,S_4239
intermittent_symptoms,Symptom,S_4240
progressive_symptoms,Symptom,S_4245
elevated liver enzymes,Symptom,S_4282
hepatocellular,Symptom,S_4283
severe_,Symptom,S_4284
moderate,Symptom,S_4312
mild_,Symptom,S_4340
cholestatic,Symptom,S_4379
us-_normal_bile_ducts,Symptom,S_4380
us-dilated_bile_ducts_,Symptom,S_4436
hepatomegaly,Symptom,S_4462
jaundice,Symptom,S_4558
hepatic,Symptom,S_4559
pre-hepatic,Symptom,S_4568
increased_production,Symptom,S_4569
decreased_hepatic_uptake,Symptom,S_4581
decreased_conjugation,Symptom,S_4589
post-hepatic,Symptom,S_4596
biliary_duct_compression,Symptom,S_4597
intraductal_obstruction,Symptom,S_4609
liver mass,Symptom,S_4623
cystic,Symptom,S_4624
benign,Symptom,S_4629
simple,Symptom,S_4630
complex,Symptom,S_4645
proliferative,Symptom,S_4646
solid,Symptom,S_4655
primary_malignacy,Symptom,S_4677
secondary_malignacy,Symptom,S_4687
mouth disorders,Symptom,S_4689
teeth,Symptom,S_4690
mucous_membrane,Symptom,S_4696
ulcerating,Symptom,S_4697
non_ulcerating,Symptom,S_4752
darker_(red),Symptom,S_4753
no_colour_change,Symptom,S_4778
lighter_(white),Symptom,S_4813
non-neoplastic,Symptom,S_4814
nausea and vomiting,Symptom,S_4840
gastrointestinal_disease_,Symptom,S_4841
hepatobiliary,Symptom,S_4842
upper_gastrointestinal_,Symptom,S_4862
chronic_,Symptom,S_4878
lower_gastrointestinal,Symptom,S_4892
other_systemic_disease,Symptom,S_4926
endocrine/metabolic,Symptom,S_4927
drugs/toxins,Symptom,S_4963
central_nervous_system,Symptom,S_4987
high_intracranial_pressure,Symptom,S_4988
vestibular_(inner_ear),Symptom,S_5013
stool incontinence,Symptom,S_5045
affected_pelvic_floor,Symptom,S_5046
trauma/surgery,Symptom,S_5047
nerve/sphincter,Symptom,S_5059
intact_pelvic_floor,Symptom,S_5073
chronic_constipation,Symptom,S_5074
neurological_conditions,Symptom,S_5082
diarrheal_conditions,Symptom,S_5098
acute hematemesis/melena,Symptom,S_5111
portal_hypertension_(15%),Symptom,S_5112
peptic_ulcer_disease_(55%),Symptom,S_5115
gastric_acid_hypersecretion,Symptom,S_5116
lower gastrointestinal bleed,Symptom,S_5141
occult_(stool_+_occult_blood_and/or_iron_deficiency_anemia),Symptom,S_5142
overt_bleeding,Symptom,S_5154
in_patient,Symptom,S_5155
out_patient,Symptom,S_5171
weight gain,Symptom,S_5181
increased_intake,Symptom,S_5182
decreased_expediture,Symptom,S_5191
neurogenic/genetic,Symptom,S_5197
hypothalamic/pituitary,Symptom,S_5203
gonadic,Symptom,S_5209
weight loss,Symptom,S_5220
decreased_intake,Symptom,S_5221
malabsorption,Symptom,S_5239
increased_expediture,Symptom,S_5251
acute kidney injury,Symptom,S_5274
post-renal_,Symptom,S_5275
pre-renal_,Symptom,S_5287
renal_hypoperfusion_,Symptom,S_5288
systemic_hypotension,Symptom,S_5300
tubular,Symptom,S_5304
acute_tubular_necrosis_,Symptom,S_5305
tubular_obstruction,Symptom,S_5320
ttp/hus,Symptom,S_5335
glomerual_,Symptom,S_5354
rapidly_pregressive_glomerulonephritis,Symptom,S_5355
interstitial_,Symptom,S_5369
acute_interstitial_nephritis,Symptom,S_5370
chronic kidney disease,Symptom,S_5382
renal_,Symptom,S_5407
tubular_,Symptom,S_5408
vascular_,Symptom,S_5420
glomerular,Symptom,S_5424
intersitial_,Symptom,S_5432
dysuria,Symptom,S_5458
pyuria_,Symptom,S_5459
bacteriuria_&_hematuria,Symptom,S_5460
non_bacteriuria_&_no_hematuria,Symptom,S_5468
no_pyuria,Symptom,S_5475
urethritis,Symptom,S_5476
vaginitis,Symptom,S_5484
non-pathogenic,Symptom,S_5496
generalized edema,Symptom,S_5506
increased_blood_pressure,Symptom,S_5507
overfill,Symptom,S_5508
underfill_,Symptom,S_5519
altered_starling_forces,Symptom,S_5520
increased_interstitial_oncotic_pressure,Symptom,S_5521
increased_capillary_hydrostatic_pressire,Symptom,S_5526
low_serum_albumin_due_to_loss_or_impaired_synthesis,Symptom,S_5546
decreased_capillary_oncotic_pressure,Symptom,S_5547
severly_ill,Symptom,S_5558
increased_capillary_permeability,Symptom,S_5559
signs_of_left_ventricular_failure,Symptom,S_5587
hematuria,Symptom,S_5589
extraglomerular_,Symptom,S_5590
isolated_extraglomerular_hematuria_is_presumed_to_be_secondary_to_malignancy_until_proven_otherwise,Symptom,S_5591
upper_tract,Symptom,S_5592
lower_tract,Symptom,S_5617
glomerular_,Symptom,S_5638
isoleted_hematuria_with_benign_sediment,Symptom,S_5639
isoleted_hematuria_with_active_sediment,Symptom,S_5651
hematuria_with_active_sediment_and_>3.5g/day_(nephrotic_range)_proteinuria,Symptom,S_5663
hyperkalemia,Symptom,S_5673
transcellular_shift,Symptom,S_5678
increased_release,Symptom,S_5679
decreased_entry,Symptom,S_5691
reduced_excretion,Symptom,S_5706
reduced_flow_through_distal_nephron,Symptom,S_5707
decreased_glomerular_filtration_rate,Symptom,S_5711
principal_cell_problem,Symptom,S_5719
high_renin_high_aldosterone,Symptom,S_5720
high_renin_low_aldosterone,Symptom,S_5735
low_renin_low_aldosterone,Symptom,S_5750
hypokalemia,Symptom,S_5762
increased_loss,Symptom,S_5784
gi_loss,Symptom,S_5785
renal_loss_,Symptom,S_5801
high_distal_flow_ttkg_<4,Symptom,S_5802
high_distal_[k],Symptom,S_5807
volume_status_assesment,Symptom,S_5808
eabv_contracted_,Symptom,S_5809
normal_or_expander_eabv,Symptom,S_5830
low_renin_high_aldosterone,Symptom,S_5839
hypernateremia,Symptom,S_5857
high_urine_volume_,Symptom,S_5858
high_urine_osmolarity,Symptom,S_5859
low_urine_osmolarity,Symptom,S_5867
low_urine_volume_,Symptom,S_5870
hypodipsia,Symptom,S_5871
non-renal_losses,Symptom,S_5879
insensible_loss,Symptom,S_5885
hyponatremia,Symptom,S_5907
artifactual,Symptom,S_5908
normal_posm_,Symptom,S_5909
high_posm_,Symptom,S_5917
hypo-osmolar_plasma_,Symptom,S_5924
impared_h2o_excretion,Symptom,S_5925
intact_h2o_excretion,Symptom,S_5933
hypo-osmolar_urine,Symptom,S_5934
hyper-osmolar_urine_,Symptom,S_5944
syndrome_of_inappropiate_adh,Symptom,S_5945
reduced_eabv,Symptom,S_5975
true_hypovolemia,Symptom,S_5976
with_edema,Symptom,S_5997
hormonal_changes,Symptom,S_6025
hipertension,Symptom,S_6041
secondary_hipertension,Symptom,S_6044
cariac_output,Symptom,S_6045
renal_parenchymal_diseases_,Symptom,S_6046
mineralocorticoid_excess,Symptom,S_6061
systemic_vascular_resistance,Symptom,S_6085
vasoconstrictors,Symptom,S_6086
anatomic_causes,Symptom,S_6106
metabolic_causes,Symptom,S_6116
increased unitary frequency,Symptom,S_6128
extrinsic_to_urinary_tract,Symptom,S_6129
intrinsic_to_urinary_tract,Symptom,S_6135
urinary_obstruction,Symptom,S_6139
detrusor_hyperactivity,Symptom,S_6158
nephrolithiasis,Symptom,S_6172
radiolucent_,Symptom,S_6173
uric_acid_stones,Symptom,S_6174
radio-opaque_,Symptom,S_6181
cysteine_stones_,Symptom,S_6182
soft_stones_,Symptom,S_6186
hard_stones_,Symptom,S_6190
hypercalciuria,Symptom,S_6191
hyperoxaluria,Symptom,S_6206
stones_with_decreased_solubility,Symptom,S_6226
anatomical_problem,Symptom,S_6246
polyuria,Symptom,S_6248
osmotic_diuresis_,Symptom,S_6249
water_diuresis_,Symptom,S_6261
hypertonic_urine_following_water_deprivation_test,Symptom,S_6262
hypotonic_urine_following_water_deprivition_test_(excessive_loss),Symptom,S_6266
uosm_increased_by_>_50%,Symptom,S_6267
uosm_unchanged_or_increased_by_<50%,Symptom,S_6272
persistent proteinuria,Symptom,S_6274
tubular_proteinuria,Symptom,S_6275
urine_electrophoresis,Symptom,S_6276
monoclonal_protein_,Symptom,S_6277
overflow_,Symptom,S_6278
poor_reabsoption,Symptom,S_6290
glomerular_proteinuria,Symptom,S_6305
urine_microscopy,Symptom,S_6306
active_urine_sediment,Symptom,S_6307
bland_urine_sediment,Symptom,S_6347
excluded_>150_mg/d_protein_on_history/with_repeat_testing,Symptom,S_6375
transient_proteinuria_,Symptom,S_6376
orthostatic_proteinuria_,Symptom,S_6388
renal mass,Symptom,S_6390
benign_,Symptom,S_6392
suspicious_,Symptom,S_6404
polycystic,Symptom,S_6421
suspicious,Symptom,S_6435
carcinoma,Symptom,S_6436
scrotal mass,Symptom,S_6442
painful_,Symptom,S_6443
sudden_onset,Symptom,S_6444
gradual_onset,Symptom,S_6460
painless,Symptom,S_6467
trans-illuminates,Symptom,S_6468
epididymal,Symptom,S_6469
spermatic_cord,Symptom,S_6479
hydrocele,Symptom,S_6489
does_not_trans-illuminate,Symptom,S_6498
tumor,Symptom,S_6499
suspected acid-base disturbance,Symptom,S_6510
acidemia,Symptom,S_6511
anion_gap,Symptom,S_6513
"metabolic_acidosis_(hco3_<_24_mmol/l)_co2:_hco3,_12:11",Symptom,S_6517
"metabolic_acidosis_(hco3_<_24_mmol/l)_co2:_hco3,_12:12",Symptom,S_6522
"metabolic_acidosis_(hco3_<_24_mmol/l)_co2:_hco3,_12:13",Symptom,S_6527
"metabolic_acidosis_(hco3_<_24_mmol/l)_co2:_hco3,_12:14",Symptom,S_6532
"metabolic_acidosis_(hco3_<_24_mmol/l)_co2:_hco3,_12:15",Symptom,S_6537
"metabolic_acidosis_(hco3_<_24_mmol/l)_co2:_hco3,_12:16",Symptom,S_6542
"metabolic_acidosis_(hco3_<_24_mmol/l)_co2:_hco3,_12:17",Symptom,S_6547
"metabolic_acidosis_(hco3_<_24_mmol/l)_co2:_hco3,_12:18",Symptom,S_6552
non-anion_gap,Symptom,S_6553
"metabolic_acidosis_(hco3_<_24_mmol/l)_co2:_hco3,_12:19",Symptom,S_6557
respiratory_acidosis_,Symptom,S_6562
normal_ph,Symptom,S_6569
alkalemia,Symptom,S_6575
metabolic acidosis,Symptom,S_6586
elevated_anion_gap_(>12),Symptom,S_6587
excess_acid_addition_,Symptom,S_6588
positive_serum_salicylate_level_,Symptom,S_6589
elevated_serum_lactate_,Symptom,S_6594
latic_acidosis_,Symptom,S_6595
positive_serum_ketones_,Symptom,S_6612
ketosis,Symptom,S_6613
elevated_osmolar_gap,Symptom,S_6624
toxic_alcohol_ingestion_,Symptom,S_6625
other_ingestion_,Symptom,S_6636
elevated_serum_creatinine_,Symptom,S_6640
decreased_nh4_production_and_anion_secretion_,Symptom,S_6641
normal_anion_gap_(<=14),Symptom,S_6646
history_of_diarrhea?,Symptom,S_6647
gi_tract_loss_,Symptom,S_6648
renal_loss,Symptom,S_6657
direct_loss,Symptom,S_6658
indirect_loss_,Symptom,S_6668
principal_cell_problemm_low_ttkg,Symptom,S_6669
alfa_intercalated_cell_problem_high_ttkg,Symptom,S_6675
sustained metabolic alkalosis,Symptom,S_6677
rule_out_,Symptom,S_6678
transient_,Symptom,S_6679
renal_failure_with_ingestion_,Symptom,S_6687
volume_status_assessment_,Symptom,S_6694
expanded_effective_arterial_blood_volume_,Symptom,S_6695
contracted_effective_arterial_blood_volume,Symptom,S_6740
gastrointestinal_loss,Symptom,S_6741
gastric_,Symptom,S_6742
lower_bowel_,Symptom,S_6754
non-reabsorbed_anions_,Symptom,S_6772
impaired_tubular_transport_,Symptom,S_6778
urinary incontinence,Symptom,S_6792
transient,Symptom,S_6793
established,Symptom,S_6817
established_,Symptom,S_6823
overflow_incontinence,Symptom,S_6824
urinary tract obstruction,Symptom,S_6830
upper_tract__,Symptom,S_6831
ct_kub_,Symptom,S_6832
intraluminal_,Symptom,S_6833
mass,Symptom,S_6834
stone,Symptom,S_6846
extraluminal_,Symptom,S_6875
intramural,Symptom,S_6885
lower_tract_,Symptom,S_6888
bladder,Symptom,S_6889
outflow_tract,Symptom,S_6901
abnormal lipid profile,Symptom,S_6915
increased_chrolesterol_and_triglicerides,Symptom,S_6916
genetic_causes_,Symptom,S_6917
secondary_causes_,Symptom,S_6925
decreased_hdl_,Symptom,S_6940
increased_ldl_,Symptom,S_6964
increased_triglycerides,Symptom,S_6992
abnormal serum tsh,Symptom,S_7015
decreased_tsh,Symptom,S_7016
decreased_free_t4,Symptom,S_7017
normal_free_t4,Symptom,S_7021
decreased_free_t3,Symptom,S_7022
normal_free_t3,Symptom,S_7027
increased_free_t3,Symptom,S_7032
increased_free_t4,Symptom,S_7036
increased_tsh_,Symptom,S_7039
benign adrenal mass,Symptom,S_7050
signs_of_hormone_excess,Symptom,S_7051
hyperplasia,Symptom,S_7052
androgen_excess_,Symptom,S_7068
high_dheas,Symptom,S_7069
normal_dheas,Symptom,S_7074
estrogen_excess,Symptom,S_7078
glucocorticoid_excess,Symptom,S_7082
aldosterone_excess,Symptom,S_7086
no_signs_of_hormone_excess,Symptom,S_7089
positive_24_hour_metanephrines_+normetanephrines,Symptom,S_7090
silent/non_functioning_mass,Symptom,S_7094
malignant adrenal mass,Symptom,S_7132
"positive_24_hour
metanephrines_+_normetanephrines",Symptom,S_7156
amenorrhea,Symptom,S_7166
low/_normal_fsh_,Symptom,S_7167
bleed_with_progestin_challenge,Symptom,S_7168
hypothalamic_pituitary_axis,Symptom,S_7172
high_prolactin_,Symptom,S_7173
organic_cause_,Symptom,S_7178
failed_progestin_challenge,Symptom,S_7208
no_bleed_with_progestin_challenge_,Symptom,S_7222
elevated_fsh_,Symptom,S_7241
breast discharge,Symptom,S_7249
true_galactorrhea_(on_microscopy),Symptom,S_7250
abnornal_tsh/prolactin,Symptom,S_7251
high_prolactin_+_normal_tsh_,Symptom,S_7252
true_galactorrhea,Symptom,S_7265
high_prolactin_+_normal/low_tsh_,Symptom,S_7272
autonomus_production_,Symptom,S_7287
high_prolactin_+_high_tsh_,Symptom,S_7307
normal_tsh/prolactin_,Symptom,S_7311
other_breast_discharge_,Symptom,S_7314
gynecomastia,Symptom,S_7319
true_gynecomastia_,Symptom,S_7320
normal_blood_work_,Symptom,S_7321
increased_estrogen_,Symptom,S_7325
non_testicular_mass_on_ultrasound,Symptom,S_7326
testicular_mass_on_ultrasound,Symptom,S_7341
increased_hcg_,Symptom,S_7350
increased_lh_,Symptom,S_7365
increased_testosterone_(testicular_germ_cell_tumor),Symptom,S_7366
"increased_t4,_decreased_tsh_",Symptom,S_7367
normal_t4_and_tsh_,Symptom,S_7373
increased_lh,Symptom,S_7382
decreased_testosterone,Symptom,S_7383
decreased_testosterone_and_normal/low_lh,Symptom,S_7417
increased_prolactin,Symptom,S_7418
normal_prolactin_,Symptom,S_7423
physiologic_,Symptom,S_7428
hirsutism,Symptom,S_7436
rapid_onset_,Symptom,S_7437
increased_serum_testosterone,Symptom,S_7450
increased_serum_dheas,Symptom,S_7458
slow_onset,Symptom,S_7461
regular_menstrual_cycles_,Symptom,S_7462
irregular_menstrual_cycles,Symptom,S_7474
hirsutism and virilization,Symptom,S_7484
androgen_excess,Symptom,S_7485
ovarian_,Symptom,S_7486
adrenal_,Symptom,S_7498
low_serum_hormone_binding_globulin_,Symptom,S_7510
hypertrichosis,Symptom,S_7532
medical/other,Symptom,S_7533
hypercalcemia,Symptom,S_7579
drug_sude_effects_,Symptom,S_7580
low_pth_,Symptom,S_7589
malignancy_,Symptom,S_7590
vitamin_d_related,Symptom,S_7598
normal_/high_pth,Symptom,S_7625
primary_hyperparathyroidism,Symptom,S_7626
tertiary_hyperparathyroidism,Symptom,S_7638
familial_hypocalciuria_hypercalcemia,Symptom,S_7642
hypocalcemia,Symptom,S_7648
high_phosphate,Symptom,S_7649
normal_creatinine,Symptom,S_7650
low/normal_pth,Symptom,S_7651
high_pth,Symptom,S_7666
high_creatinine_,Symptom,S_7675
low_pth,Symptom,S_7676
low_phosphate,Symptom,S_7694
congenital_(pediatric),Symptom,S_7711
25-oh_d_very_low,Symptom,S_7739
25-oh_d_not_very_low,Symptom,S_7759
hyperglycemia,Symptom,S_7765
diabetes_mellitus,Symptom,S_7766
endocrinopathy,Symptom,S_7778
critical_illness/physiologic_stress_,Symptom,S_7796
hypoglycemia,Symptom,S_7810
fasting_hypoglycemia_,Symptom,S_7811
post-pandrial,Symptom,S_7820
hyperphosphatemia,Symptom,S_7846
decreased_excretion_,Symptom,S_7859
increased_intake/_absorption_normally_in_content_of_impaired_renal_function_,Symptom,S_7874
pseudohyperphosphatemia,Symptom,S_7883
hypophosphatemia,Symptom,S_7894
transcellular_shift_,Symptom,S_7895
increased_excretion_,Symptom,S_7913
gi_,Symptom,S_7914
decreased_intake_,Symptom,S_7953
dietary_deficiency_,Symptom,S_7954
hyperthyroidism,Symptom,S_7976
high/normal_radioiodine_uptake,Symptom,S_7977
autoimmune_thyroid_disease,Symptom,S_7978
autonomous_tyroid_tissue,Symptom,S_7986
tsh/hcg_excess,Symptom,S_7994
low_radioiodine_uptake_,Symptom,S_8001
subacute_thyroiditis,Symptom,S_8002
exogenous/ectopic_hormone,Symptom,S_8022
hypothyroidism,Symptom,S_8028
central_hypothyroidism,Symptom,S_8029
primary_hypothyroidism,Symptom,S_8035
infiltrative_disease_,Symptom,S_8037
congenital_thyroid_agenesis/degenesis,Symptom,S_8047
medications_,Symptom,S_8052
hyperuricemia,Symptom,S_8094
primary,Symptom,S_8095
over-production,Symptom,S_8096
under-excretion,Symptom,S_8100
secondary_,Symptom,S_8107
lymphoproliferativedisorders,Symptom,S_8109
hemolytic_anemia,Symptom,S_8124
others_,Symptom,S_8129
drug-induced,Symptom,S_8174
male sexual dysfunction,Symptom,S_8206
erectile_dysfunction,Symptom,S_8207
psychological,Symptom,S_8208
physiological_,Symptom,S_8240
chronic_disease_,Symptom,S_8241
neurological,Symptom,S_8261
physiological,Symptom,S_8286
pelvis,Symptom,S_8306
pharmacological,Symptom,S_8350
desire,Symptom,S_8373
sellar/pituitary mass,Symptom,S_8452
adenoma,Symptom,S_8453
secreting_,Symptom,S_8454
non-functioning_,Symptom,S_8478
non-adenomatous,Symptom,S_8494
neoplasm,Symptom,S_8506
small_,Symptom,S_8546
large,Symptom,S_8549
short stature,Symptom,S_8556
pathological/abnormal,Symptom,S_8557
disproportionate,Symptom,S_8558
proportionate,Symptom,S_8566
no_dysmorphic_features_,Symptom,S_8567
deprivation,Symptom,S_8568
treatment,Symptom,S_8622
other_,Symptom,S_8682
dysmorphic_features_,Symptom,S_8705
normal_variant_,Symptom,S_8728
normal_puberty_onset_,Symptom,S_8729
delayed_puberty_onset_,Symptom,S_8733
tall stature,Symptom,S_8735
no_other_obvious_abnormalities/stigmata_,Symptom,S_8736
normal_growth,Symptom,S_8737
accelerated_growth,Symptom,S_8745
non-obese_bmi,Symptom,S_8746
early_puberty_onset,Symptom,S_8747
precocious_puberty_,Symptom,S_8748
obese_bmi,Symptom,S_8774
constitutional,Symptom,S_8793
other_obvious_abnormalities/stigmata,Symptom,S_8796
weight gain/obesity,Symptom,S_8839
energy_related,Symptom,S_8840
increased_intake_,Symptom,S_8841
dietary,Symptom,S_8842
social/behavioural,Symptom,S_8857
iatrogenic,Symptom,S_8872
decreased_expenditure,Symptom,S_8886
neuroendocrine,Symptom,S_8894
genetic,Symptom,S_8918
altered level of consciousness,Symptom,S_8935
clinical_exam_,Symptom,S_8936
focal,Symptom,S_8937
non-focal,Symptom,S_8957
blood_work,Symptom,S_8960
metabolic_abnormality,Symptom,S_8961
no_metabolic_abnormality_,Symptom,S_8985
imaging,Symptom,S_9000
structural_abnormality,Symptom,S_9001
non-structural_,Symptom,S_9021
altered level of consciousness gcs <7,Symptom,S_9031
coma_,Symptom,S_9032
brain_involvement,Symptom,S_9033
focal_lesions,Symptom,S_9034
hemispheric_,Symptom,S_9035
brain_stem,Symptom,S_9077
diffuse_lesions,Symptom,S_9112
infection_,Symptom,S_9149
systemic_involvement,Symptom,S_9171
excesses,Symptom,S_9172
deficiencies_,Symptom,S_9212
aphasia,Symptom,S_9278
fluent,Symptom,S_9279
impaired_repetition_,Symptom,S_9280
impaired_comprehension,Symptom,S_9281
intact_comprehension,Symptom,S_9286
intact_repetition_,Symptom,S_9290
non-_fluent_,Symptom,S_9299
intact_repetition,Symptom,S_9310
back pain,Symptom,S_9318
acute/subacute_+_red_flags_<_6_weeks,Symptom,S_9319
chronic/acute_after_6_weeks_+_no_red_flags_>_6_weeks,Symptom,S_9328
cognitive impairement,Symptom,S_9336
dementia,Symptom,S_9337
subcortical_dementia_,Symptom,S_9338
treatable_cause_,Symptom,S_9339
early_extrapyramidal_features,Symptom,S_9379
rapidly_progressive_,Symptom,S_9389
cortical_dementia,Symptom,S_9398
early_language_and_behavioural_dysfunction,Symptom,S_9399
"abrupt_onset,_stepwise_progression_",Symptom,S_9404
early_impairment_of_recent_memory_,Symptom,S_9409
affecting_multiple_domains,Symptom,S_9417
decline_in_instrumental_activities_of_daily_living,Symptom,S_9423
dysarthria,Symptom,S_9428
lower_motor_neuron,Symptom,S_9429
upper_motor_neuron,Symptom,S_9441
ataxic,Symptom,S_9450
extrapyramidal,Symptom,S_9465
fall,Symptom,S_9467
intrinsic_factors_,Symptom,S_9468
presyncope/syncope,Symptom,S_9469
sensory_impairments,Symptom,S_9477
neurological_psychiatric,Symptom,S_9493
performance_measures,Symptom,S_9513
extrinsic_factors_,Symptom,S_9528
environment,Symptom,S_9537
gait disturbance,Symptom,S_9547
hereditary_,Symptom,S_9550
sensory_ataxia,Symptom,S_9551
cerebellar_ataxia,Symptom,S_9563
progessive/degenerative,Symptom,S_9564
x-linked/mitochondrial,Symptom,S_9565
dominant,Symptom,S_9571
recessive,Symptom,S_9577
catalytic_deficiency,Symptom,S_9588
intermittent,Symptom,S_9589
chronic_progessive_,Symptom,S_9607
sporadic,Symptom,S_9616
headache,Symptom,S_9639
primary_,Symptom,S_9640
no_pattern_,Symptom,S_9653
unilateral,Symptom,S_9654
bilateral,Symptom,S_9659
in_clusters_,Symptom,S_9663
autonomic_cephalgias_,Symptom,S_9664
secondary,Symptom,S_9677
no_red_flag_symptoms_,Symptom,S_9678
acute_,Symptom,S_9679
upper motor neuron weakness,Symptom,S_9711
cerebral_hemisphere_,Symptom,S_9712
contralateral/subcortical__,Symptom,S_9751
brain_stem_,Symptom,S_9757
unilateral_spinal_cord_lesions_above_~c5_,Symptom,S_9778
pain,Symptom,S_9780
nociceptive_,Symptom,S_9781
somatic,Symptom,S_9782
peripheral_nervous_system_,Symptom,S_9795
sympathetic_,Symptom,S_9808
deafferentation_,Symptom,S_9813
movement disorder,Symptom,S_9825
hyperkinetic_,Symptom,S_9826
tics_,Symptom,S_9827
dystonia_,Symptom,S_9839
myoclonus,Symptom,S_9858
chorea,Symptom,S_9866
tremor_,Symptom,S_9875
action_tremor_,Symptom,S_9876
resting_tremor_,Symptom,S_9880
postural_tremor_,Symptom,S_9904
bradykinetic_,Symptom,S_9923
parkinsons_disease_(trap),Symptom,S_9924
drug-­induced_parkinsonism,Symptom,S_9940
peripheral weakness,Symptom,S_9968
no_objective_weakness_,Symptom,S_9969
objective_weakness_,Symptom,S_9996
upper_and_lower_motor_neuron,Symptom,S_9997
lower_motor_neuron_,Symptom,S_10012
no_sensory_changes_,Symptom,S_10013
motor_neuron_and_motor_neuropathy,Symptom,S_10014
neuromuscular_junction__,Symptom,S_10050
myopathy_,Symptom,S_10074
objective lower motor neuron weakness,Symptom,S_10100
sensory_changes_,Symptom,S_10101
follows_distribution_,Symptom,S_10102
radiculopathy_,Symptom,S_10103
mononeuropathy_,Symptom,S_10123
compression_,Symptom,S_10124
polyneuropathy__,Symptom,S_10165
does_not_follow_distribution_,Symptom,S_10199
mononeuritis_multiplex_,Symptom,S_10200
plexopathy_,Symptom,S_10210
poly-radiculopathy_,Symptom,S_10225
spell/seizure,Symptom,S_10242
unprovoked_recurrence_,Symptom,S_10243
focal_seizure_,Symptom,S_10244
"non-dyscognitive_features_of_aura,_motor,_autonomic_",Symptom,S_10245
dyscognitive_,Symptom,S_10250
generalized_,Symptom,S_10261
non-convulsive,Symptom,S_10262
convulsive,Symptom,S_10272
provoked_recurrence_(secondary)_,Symptom,S_10290
secondary_organic_,Symptom,S_10291
metabolic_,Symptom,S_10311
degenerative_,Symptom,S_10356
pregnancy_,Symptom,S_10376
neurological_,Symptom,S_10381
psychogenic,Symptom,S_10396
stroke,Symptom,S_10408
intracerebral_hemorrhage,Symptom,S_10409
vessel_disease,Symptom,S_10418
ischemia_,Symptom,S_10449
thrombosis_,Symptom,S_10450
small_vessel_,Symptom,S_10455
embolus_,Symptom,S_10459
heart_,Symptom,S_10464
ascending_aorta,Symptom,S_10494
systemic_hypoperfusion,Symptom,S_10498
pump_failure,Symptom,S_10499
cardiac_output_reduction,Symptom,S_10509
subarachnoid_hemorrhage,Symptom,S_10527
non-­cardiac,Symptom,S_10579
vasovagal/autonomic,Symptom,S_10580
peripheral/situational,Symptom,S_10586
orthostatic,Symptom,S_10615
vertigo/dizziness,Symptom,S_10625
dizziness,Symptom,S_10626
organic_disease_,Symptom,S_10627
psychiatric_disease,Symptom,S_10663
true_vertigo_,Symptom,S_10682
central_vestibular_dysfunction,Symptom,S_10683
central_vestibular_dysfunction_,Symptom,S_10688
intoxication,Symptom,S_10699
trauma,Symptom,S_10709
space-occupying_lesion,Symptom,S_10714
peripheral_vestibular_dysfunction_,Symptom,S_10753
abnormal fetal heart rate tracing,Symptom,S_10779
abnormal_variability,Symptom,S_10780
minimal/absent_variability_,Symptom,S_10781
marked_variability_,Symptom,S_10801
sinusoidal_pattern,Symptom,S_10805
absent_accelerations,Symptom,S_10813
decelerations_,Symptom,S_10820
early_decelerations,Symptom,S_10821
variable_decelerations,Symptom,S_10825
late_decelerations,Symptom,S_10833
prolonged_deceleration,Symptom,S_10853
baseline_abnormality,Symptom,S_10872
bradycardia_,Symptom,S_10873
maternal,Symptom,S_10874
fetal,Symptom,S_10894
tachycardia_,Symptom,S_10913
maternal_,Symptom,S_10914
abnormal genital bleeding,Symptom,S_10976
pregnant,Symptom,S_10977
non_pregnant,Symptom,S_10980
non-­gynecologic,Symptom,S_10981
gynecologic_,Symptom,S_10989
uterus_,Symptom,S_10990
cervix,Symptom,S_11030
vagina_,Symptom,S_11060
vulva_,Symptom,S_11085
acute pelvic pain,Symptom,S_11112
gynecologic,Symptom,S_11113
extrauterine,Symptom,S_11115
intrauterine_,Symptom,S_11120
non-pregnant_,Symptom,S_11139
ovary,Symptom,S_11175
fallopian_tube,Symptom,S_11200
non-gynecologic,Symptom,S_11223
chronic pelvic pain,Symptom,S_11231
co-morbidities_,Symptom,S_11250
genitourinary,Symptom,S_11279
ovarian_etiology_,Symptom,S_11303
receptor_abnormalities_and_enzyme_deficiencies,Symptom,S_11323
central_,Symptom,S_11343
hypothalamic,Symptom,S_11344
pituitary,Symptom,S_11359
congenital_outflow_tract_anomalies,Symptom,S_11383
ovarian,Symptom,S_11399
normal_fsh,Symptom,S_11400
high_fsh,Symptom,S_11405
"hypothalamic_(negative_progesterone_challenge,_low_fsh,_low_estrogen)",Symptom,S_11414
high_prolactin,Symptom,S_11423
outflow_tract_obstruction,Symptom,S_11467
antenatal care,Symptom,S_11473
first_trimester,Symptom,S_11474
second_trimester,Symptom,S_11492
third_trimester,Symptom,S_11516
bleeding in pregnancy,Symptom,S_11533
<_20_weeks_,Symptom,S_11534
bleeding_from_the_os_,Symptom,S_11535
cervix_open_,Symptom,S_11536
passing_tissue_and_clots_,Symptom,S_11537
not_passing_tissue_and_clots_,Symptom,S_11555
cervix_closed,Symptom,S_11572
no_iup_on_transvaginal_u/s_,Symptom,S_11573
_,Symptom,S_11575
no_ectopic_pregnancy_on_u/s_,Symptom,S_11581
β-hcg_>_1500_ectopic_likely_,Symptom,S_11582
β-hcg_<_1500_,Symptom,S_11590
β-hcg_<_1501,Symptom,S_11598
not_bleeding_from_the_os_,Symptom,S_11602
second/third_trimester,Symptom,S_11617
painful,Symptom,S_11645
breast disorders,Symptom,S_11657
breast_infection_,Symptom,S_11658
lactational_,Symptom,S_11659
non_lactational_,Symptom,S_11667
breast_mass_,Symptom,S_11674
malignant_,Symptom,S_11675
non-invasive_,Symptom,S_11676
invasive_,Symptom,S_11686
solid_,Symptom,S_11716
cystic_,Symptom,S_11721
gynecomastia_,Symptom,S_11734
pathologic_,Symptom,S_11747
growth discrepancy,Symptom,S_11761
small_for_gestational_age__,Symptom,S_11762
maternal_factors_,Symptom,S_11763
maternal_hypoxemia_,Symptom,S_11774
maternal_lifestyle,Symptom,S_11789
decreased_uteroplacental_flow_,Symptom,S_11809
fetal_factors_,Symptom,S_11828
chromosomal_abnormalities_,Symptom,S_11829
multiple_gestation_,Symptom,S_11839
torch_infections_,Symptom,S_11844
placental_factors_,Symptom,S_11848
placental_ischemia/_infarction_,Symptom,S_11849
placental_abruption_,Symptom,S_11859
confined_placental_mosaicism_(rare)_,Symptom,S_11864
placental_malformations_,Symptom,S_11869
large_for_gestational_age_,Symptom,S_11872
infertility,Symptom,S_11903
female,Symptom,S_11904
ovary_,Symptom,S_11905
decreased_fsh_,Symptom,S_11906
hypopituitarism,Symptom,S_11907
increased_fsh,Symptom,S_11958
uterus,Symptom,S_11992
male,Symptom,S_12015
sperm_production_,Symptom,S_12016
testicular_,Symptom,S_12017
pre-testicular__,Symptom,S_12042
sperm_motility_,Symptom,S_12056
sperm_transport_,Symptom,S_12060
factors affecting fetal oxygenation,Symptom,S_12078
uteroplacental_factors_,Symptom,S_12079
uteroplacental_dysfunction_,Symptom,S_12080
excessive_uterine_activity_,Symptom,S_12096
fetal_factors,Symptom,S_12103
decreased_fetal_o2_carrying_capacity_,Symptom,S_12104
cord_compression,Symptom,S_12124
maternal_medical_conditions_,Symptom,S_12136
decreased_uterine_blood_flow_,Symptom,S_12152
decreased_maternal_o2_carrying_capacity_,Symptom,S_12164
decreased_maternal_arterial_o2_tension_,Symptom,S_12172
pelvic mass,Symptom,S_12190
non-gynecologic_,Symptom,S_12191
genitourinary_,Symptom,S_12192
non-pregnant,Symptom,S_12239
ovarian mass,Symptom,S_12291
functional,Symptom,S_12292
hyperplastic,Symptom,S_12301
benign_neoplasms,Symptom,S_12307
sex_cord_stromal_,Symptom,S_12308
germ_cell,Symptom,S_12320
epithelial,Symptom,S_12328
malignant_neoplasms_,Symptom,S_12335
metastases,Symptom,S_12336
pelvic organ prolapse,Symptom,S_12382
vaginal_apex_,Symptom,S_12389
bladder_,Symptom,S_12392
bowel/rectum_,Symptom,S_12398
post partum fever,Symptom,S_12403
infectious_,Symptom,S_12404
respiratory_,Symptom,S_12405
uterine_,Symptom,S_12409
breasts_,Symptom,S_12417
urinary_,Symptom,S_12425
wound_,Symptom,S_12433
non-infectious_,Symptom,S_12448
thrombotic_,Symptom,S_12457
post-partum hemorrhage,Symptom,S_12467
uterine_atony_,Symptom,S_12468
remnant_tissue,Symptom,S_12501
thrombin,Symptom,S_12510
vaginal discharge,Symptom,S_12530
local,Symptom,S_12544
systemic,Symptom,S_12564
vulvovaginitis,Symptom,S_12576
sexually_transmitted_infection_,Symptom,S_12588
burns,Symptom,S_12594
physical_agents,Symptom,S_12595
chemical_agents_,Symptom,S_12607
dermatoses in pregnancy,Symptom,S_12621
physiologic_skin_changes_,Symptom,S_12622
pigmented,Symptom,S_12623
face,Symptom,S_12624
abdomen,Symptom,S_12629
hormone_induced_,Symptom,S_12634
skin,Symptom,S_12644
mucous_membranes_,Symptom,S_12664
skin_changes_conditions_,Symptom,S_12695
pruritic,Symptom,S_12696
non-primary_skin_lesion_,Symptom,S_12697
primary_skin_lesion_,Symptom,S_12702
non-pruritic,Symptom,S_12711
disorder of pigmentation,Symptom,S_12717
hyperpigmentation,Symptom,S_12718
hypopigmentation,Symptom,S_12773
scale,Symptom,S_12788
genital lesion,Symptom,S_12821
elevated,Symptom,S_12822
papules/plaques,Symptom,S_12823
non-infectious,Symptom,S_12824
vesicles,Symptom,S_12867
depressed,Symptom,S_12871
erosions/ulcers,Symptom,S_12872
excoriations,Symptom,S_12917
hair loss,Symptom,S_12923
scarring,Symptom,S_12925
non-scarring,Symptom,S_12933
pattern,Symptom,S_12934
anagen_effluvium,Symptom,S_12939
discrete_patches,Symptom,S_12949
telogen_effluvium,Symptom,S_12959
stress_related,Symptom,S_13032
secondary_to_skin_disease,Symptom,S_13059
broken_hair_shafts,Symptom,S_13089
hair_shafts_intact_or_absent,Symptom,S_13109
primary skin lesion,Symptom,S_13116
flat,Symptom,S_13117
no_deep_component,Symptom,S_13125
firm/edematous,Symptom,S_13136
deep_component,Symptom,S_13141
transient/itchy,Symptom,S_13152
fluid-filled_or_semi-solid-filled,Symptom,S_13156
fluid-filled,Symptom,S_13160
purulent,Symptom,S_13161
non-purulent_fluid,Symptom,S_13166
secondary skin lesion,Symptom,S_13173
mucous membrane disorder,Symptom,S_13203
erosions/ulcers/blisters,Symptom,S_13204
primary_dermatologic_diseases,Symptom,S_13205
systemic_disease,Symptom,S_13233
white_lesions,Symptom,S_13244
nail disorder,Symptom,S_13259
primary_dermatologic_disease,Symptom,S_13260
nail_plate_abnormality,Symptom,S_13261
discolouration,Symptom,S_13262
oil_drop_sign,Symptom,S_13263
fungal_culture,Symptom,S_13269
white/yellow-brown,Symptom,S_13270
green,Symptom,S_13277
brown/black_linear_streak,Symptom,S_13283
pitting,Symptom,S_13300
thickening,Symptom,S_13310
onycholysis,Symptom,S_13325
nail_fold_abnormality,Symptom,S_13334
proximal_and_lateral,Symptom,S_13336
lateral_only,Symptom,S_13350
telangiectasia,Symptom,S_13355
koilonychia,Symptom,S_13370
beaus_lines,Symptom,S_13380
clubbing,Symptom,S_13385
bronchopulmonary_disease,Symptom,S_13386
cardiovascular_disease,Symptom,S_13416
gastrointestinal_disease,Symptom,S_13422
endocrine_disease,Symptom,S_13434
nail_bed_abnormality,Symptom,S_13462
blue_discoloration,Symptom,S_13463
white_discoloration,Symptom,S_13483
terrys_nails,Symptom,S_13484
half-and-half_nails,Symptom,S_13502
muehreckes_lines,Symptom,S_13514
red_discoloration,Symptom,S_13519
pruritus,Symptom,S_13532
no_primary_skin_lesion,Symptom,S_13533
primary_skin_lesion,Symptom,S_13566
macules/papules/plaques,Symptom,S_13567
vesicles/bullae,Symptom,S_13603
wheals/hives,Symptom,S_13615
skin rash,Symptom,S_13617
eczematous,Symptom,S_13618
"contact_dermatitis,_well_demarcated_erythema,_papules,_vesicles,_erosions_scaling_confined_to_area_of_contact._",Symptom,S_13640
papulosquamous,Symptom,S_13647
pustular,Symptom,S_13665
acneiform,Symptom,S_13666
comedones_absent,Symptom,S_13671
vesiculobullous,Symptom,S_13700
"vesicles_fragile/easily_ruptured,_intraepidermal_blisters,_possibly_crusts/erosions",Symptom,S_13701
reaction_to_agent,Symptom,S_13732
"vesicles_not_fragile/not_easily_ruptured,_subepidermal_blisters,_tense_intact_blisters",Symptom,S_13736
skin ulcer by etiology,Symptom,S_13769
physical,Symptom,S_13770
hematologic,Symptom,S_13788
hemoglobinopathy,Symptom,S_13789
protozoan,Symptom,S_13825
viral,Symptom,S_13829
bacterial,Symptom,S_13833
fungal,Symptom,S_13849
skin ulcer by location,Symptom,S_13877
genitals,Symptom,S_13878
head/neck,Symptom,S_13914
lower_legs/feet,Symptom,S_13938
oral,Symptom,S_13994
single_ulcer,Symptom,S_13995
multiple_acute_ulcers,Symptom,S_14011
multiple_recurrent_ulcers,Symptom,S_14023
multiple_chronic_ulcers,Symptom,S_14031
trunk/sacral_region,Symptom,S_14046
vascular lesions,Symptom,S_14073
blanches_with_pressure,Symptom,S_14074
does_not_blanche_with_pressure,Symptom,S_14077
chronic joint pain,Symptom,S_14084
chronic/degenerative_change,Symptom,S_14085
peri-articular,Symptom,S_14086
bursa,Symptom,S_14087
epiphysitis/apophysitis,Symptom,S_14092
tendon,Symptom,S_14102
bone,Symptom,S_14132
skin/fascia,Symptom,S_14157
muscle,Symptom,S_14162
intra-articular,Symptom,S_14176
articular_cartilage,Symptom,S_14187
joint_capsule,Symptom,S_14197
synovium,Symptom,S_14212
bone lesion,Symptom,S_14219
non-aggresive,Symptom,S_14220
exostotic,Symptom,S_14221
narrow_reactive_bone_formation,Symptom,S_14225
asymptomatic_and/or_non-active_bone_scam,Symptom,S_14226
symptomatic_and/or_active_bone_scam,Symptom,S_14241
inflammatory_appearance,Symptom,S_14242
not_inflammatory_apperance,Symptom,S_14254
aggresive,Symptom,S_14263
broad_or_indistinct_margin_and/or_soft_tissue_invasion,Symptom,S_14264
"benign,_no_bone_mineralization",Symptom,S_14265
"malignant,_bone_mineralization,_constitutional_symptoms,_codmans_triangle,_excesive_scalloping_and_destruction_of_cortical_bone",Symptom,S_14275
multiple_lytic_lesions,Symptom,S_14289
deformity/limp,Symptom,S_14291
hip_joint,Symptom,S_14319
knee_joint,Symptom,S_14328
spine/stature,Symptom,S_14337
infectious joint pain,Symptom,S_14345
polyarticular,Symptom,S_14346
monoarticular,Symptom,S_14370
articular,Symptom,S_14371
acute_onset,Symptom,S_14372
insidious_onset,Symptom,S_14377
inflammatory joint pain,Symptom,S_14412
oligoarticular,Symptom,S_14425
peripheral_only,Symptom,S_14444
subacute_and_symmetrical,Symptom,S_14445
insidious_monoarticular,Symptom,S_14480
migratory,Symptom,S_14490
peripheral_and_axial,Symptom,S_14494
vascular joint pain,Symptom,S_14512
spasm,Symptom,S_14513
occlusion,Symptom,S_14516
disruption,Symptom,S_14540
compression,Symptom,S_14549
pathologic/fragility fractures,Symptom,S_14563
metabolic_bone_disease,Symptom,S_14564
osteoporosis,Symptom,S_14565
"pathologic/fragility fractures, low energy/no exercise/repeated use, always check neurological and vascular status one joint below injury",Symptom,S_14568
osteomalacia/ricketts,Symptom,S_14626
soft tissue,Symptom,S_14636
septic,Symptom,S_14637
aseptic,Symptom,S_14649
ligament,Symptom,S_14651
fibrous_cartilage,Symptom,S_14696
periarticular,Symptom,S_14720
septic_bursa,Symptom,S_14721
tendon/muscle,Symptom,S_14736
fracture healing,Symptom,S_14768
delayed_union,Symptom,S_14769
non-union,Symptom,S_14778
hypertrophic,Symptom,S_14783
atrophic,Symptom,S_14798
malunion,Symptom,S_14821
non_functional,Symptom,S_14826
age_>_50_years,Symptom,S_14837
age_<_50_years,Symptom,S_14870
use_of_other_high_risk_medications,Symptom,S_14877
tumour,Symptom,S_14895
metastatic,Symptom,S_14896
"anxiety disorders, associated with panic, excessive anxiety, fear, avoidance, and/or increased arousal, rule out anxiety disorder  due to general medical condition (e.g. hyperthyroidism, anemia, chf), another mental disorder, or substance/medication-induced anxiety disorder",Symptom,S_14990
associated_with_panic_and/or_physical_(autonomic)_symptoms,Symptom,S_14991
associated_with_specific_situation/avoidance_of_the_specific_situation,Symptom,S_14992
specific_trigger,Symptom,S_14993
separation_from_attachment_figure,Symptom,S_14998
"using_public_transportation,_open_spaces,_being_in_a_line,_crowd_or_outside_the_home",Symptom,S_15003
public_setting_where_a_negative_evaluation_may_occur,Symptom,S_15008
recurrent,Symptom,S_15012
associated_with_recurrent_anxious_thoughts,Symptom,S_15015
generalized_worry,Symptom,S_15016
specific_worries,Symptom,S_15020
setting_where_patient_may_sense_difficulty_in_escape,Symptom,S_15021
intrusive/inapropriate/distressing_thoughts,Symptom,S_15026
excesive_worry,Symptom,S_15031
"trauma and stressor, involuntary, intrusive thoughts, memories, images, dreams or flashbacks causing psychological distress, rule out general medical condition (e.g. hyperthyroidism, anemia, chf), another mental disorder, or substance/medication-induced",Symptom,S_15033
"associated_with_a_stressful_event,_rule_out_normal_bereavement",Symptom,S_15034
associated_with_a_traumatic_event,Symptom,S_15037
<_1_month_post-event,Symptom,S_15038
>_1_month_post-event,Symptom,S_15042
"obsessive-compulsive and related disorders, recurrent, persistent thoughts, urges or images associated with repetitive behaviours, rule out obsessive-compulsive and related disorder due to another medical condition (e.g. hyperthyroidism, anemia, chf), another mental disorder, or substance/medication-induced obsessive-compulsive and related disorder",Symptom,S_15044
non-specific_obsessions_and/or_compulsions,Symptom,S_15045
specified_obsessions_or_compulsions_associated_with,Symptom,S_15048
preoccupation_with_perceived_physical_appearance,Symptom,S_15049
hair_pulling,Symptom,S_15053
skin_picking,Symptom,S_15057
difficulty_discarding_possessions,Symptom,S_15061
"personality disorder, enduring pattern of experience and behaviour that derivates from cultural expectations, manifest in two or more of the following areas: cognition, affectivity, interpersonal functionaing, and impulse control, the pattern is inflexible and pervasive across many social and personal situations, the pattern leads to distress or impairment in important areas of functioning, the pattern is stable and of long duration, with an onset that can be traced back to childhood or adolescence, the pattern is not due to another mental illness, a general medical condition, or substance use",Symptom,S_15063
cluster_a,Symptom,S_15064
cluster_b,Symptom,S_15073
cluster_c,Symptom,S_15085
"mood disorders, rule out depressed or elevated mood disorder due to substances and/or general medical condition",Symptom,S_15093
depressed_mood_only,Symptom,S_15094
"2_week_period,_depressed_mood_nearly_everyday",Symptom,S_15095
"depressed_mood:_sleep_changes,_interest-anhedonia,_guilt,_energy-anergia,_concentration-decrease,_appetite_+/-_5%_body_weight_in_one_month,_psychomotor_agitation_or_retardartion,_suicidal_thoughts,_suicide_=_15%_over_lifetime",Symptom,S_15097
depressed_mood,Symptom,S_15100
"2_or_more:_decreased_appetite,_insomnia,_anergia,_poor_concentration,_hopelessness,_low_self-esteem,_prevalence_=_3%_over_lifetime",Symptom,S_15102
prevalence_=_5%_hospitalized_patients,Symptom,S_15107
"none_of:_suicidal_ideation,_psychosis_(except_hallucinations_of_deceased),_guilt_(except_deceased)",Symptom,S_15112
elevated_mood_with_or_without_depressed_mood,Symptom,S_15114
manic_episode_,Symptom,S_15115
"mania:_1_week_elevated_or_irritable_mood,_plus_3_or_more:_grandiosity,_decreased_sleep,_pressure_of_speech,_flight_of_ideas,_distractibility,_increased_in_goal_directed_activity,_excessive_pleasurable_but_harmful_activities,_suicide_=_15%_over_lifetime",Symptom,S_15117
hypomanic_episode,Symptom,S_15120
"hypomania:_no_marked_imapirment,_no_psychosis,_no_hospitalization._at_least_4_days.,_plus_3_or_more:_grandiosity,_decreased_sleep,_pressure_of_speech,_flight_of_ideas,_distractibility,_increased_in_goal_directed_activity,_excessive_pleasurable_but_harmful_activities",Symptom,S_15122
2_years_hypomanic_episodes_and_depressed_mood,Symptom,S_15125
symptoms_without_clear_mood_episode,Symptom,S_15127
"psychotic disorders, psychosis, rule out psychotic disorder due to substances and/or general medical condition",Symptom,S_15128
prominent_mood_syndrome,Symptom,S_15129
psychotic_symptoms,Symptom,S_15130
mood_symptoms_absent,Symptom,S_15137
duration_of_illness,Symptom,S_15139
"1_or_more:_delusions,_hallucinations,_disorganized_speech,_grossly_disorganized_or_catatonic_behaviour",Symptom,S_15141
"2_or_more_(1_must_be_1-3):_delusions,_hallucinations,_disorganized_speech,_grossly_disorganized_or_catatonic_behaviour,_negative_sx_(affective_flattening,_alogia,_avolition)",Symptom,S_15147
"suicide_=_10%,_neuroleptic_malignant_syndrome:_side_effects_of_anti-psychotics,_sx:_hyperpyrexia_(>38.5ºc),_muscle_rigidity_and_mental_status_changes,_20%_mortality",Symptom,S_15153
non-bizarre_delusions,Symptom,S_15157
delusions_developed,Symptom,S_15162
somatoform disorder,Symptom,S_15164
symptoms_consciously_produced,Symptom,S_15165
motivation_is_primary_gain,Symptom,S_15166
motivation_is_secondary_gain,Symptom,S_15170
symptoms_not_consciously_produced,Symptom,S_15173
focus_is_the_sick_role,Symptom,S_15174
focus_is_a_physical_symptom,Symptom,S_15178
multiple_symptoms,Symptom,S_15184
"criteria:_4_pain_sx,_2_gl_sx,_1_sexual_sx,_1_pseudo-neuro_sx",Symptom,S_15186
must_have_symptoms_affecting_movement_or_sensation_(non-anatomic_and_unexplainable),Symptom,S_15192
one_or_more_symptoms_for_at_least_six_months,Symptom,S_15196
focus_is_appearance,Symptom,S_15200
hearing loss,Symptom,S_15202
conductive_hearing_loss,Symptom,S_15203
normal_otoscopy,Symptom,S_15204
abnormal_otoscopy,Symptom,S_15216
external_ear,Symptom,S_15217
middle_ear,Symptom,S_15262
sensorineural_hearing_loss,Symptom,S_15290
symmetric,Symptom,S_15291
hereditary,Symptom,S_15293
non-hereditary,Symptom,S_15305
cochlear,Symptom,S_15331
asymmetric,Symptom,S_15360
hoarseness,Symptom,S_15374
variable,Symptom,S_15416
hyperfunction,Symptom,S_15422
non-acute,Symptom,S_15425
benign_mucosal_changes,Symptom,S_15462
neck mass,Symptom,S_15513
lymphadenitis,Symptom,S_15515
granulomatous_disease,Symptom,S_15524
sialadenitis,Symptom,S_15543
neoplasms,Symptom,S_15568
neurogenic_neoplasm,Symptom,S_15582
paragangliomas,Symptom,S_15597
otalgia,Symptom,S_15615
otologic,Symptom,S_15616
increased_pain,Symptom,S_15617
external_auditory_canal,Symptom,S_15618
mastoid,Symptom,S_15638
auricle,Symptom,S_15643
increased_pain_with_pinna_manipulation,Symptom,S_15647
pain_unchanged_with_pinna_manipulation,Symptom,S_15657
abnormal_tympanic_membrane,Symptom,S_15658
ulceration/_abnormal_tissue_growth,Symptom,S_15673
smell dysfunction,Symptom,S_15685
nasal_obstruction/urti,Symptom,S_15686
toxins_and_other_factors,Symptom,S_15734
tinnitus,Symptom,S_15745
objective_,Symptom,S_15746
arterial,Symptom,S_15748
venous,Symptom,S_15783
muscular_,Symptom,S_15802
subjective,Symptom,S_15813
unilateral_,Symptom,S_15814
bilateral_,Symptom,S_15838
no_hearing_loss,Symptom,S_15839
hearing_loss_,Symptom,S_15859
vision loss,Symptom,S_15935
complete/partial_homonymous_hemianopia,Symptom,S_15938
optic_nerve_,Symptom,S_15964
abnormalities_of_the_optic_nerve_,Symptom,S_15965
cornea,Symptom,S_15999
retina,Symptom,S_16005
vitreous_,Symptom,S_16029
retina_visible_,Symptom,S_16030
retina_not_visible_,Symptom,S_16037
lens,Symptom,S_16068
macula,Symptom,S_16072
retina_,Symptom,S_16076
optic_track_,Symptom,S_16092
amblyopia,Symptom,S_16106
deprivational,Symptom,S_16107
refractive_error_,Symptom,S_16122
diplopia,Symptom,S_16130
mononuclear_,Symptom,S_16131
binocular,Symptom,S_16146
neuromuscular_junction_,Symptom,S_16147
neuronal,Symptom,S_16151
strictly_horizontal_,Symptom,S_16152
horizontal_and/or_vertical_,Symptom,S_16177
cranial_nerve_iii,Symptom,S_16178
cranial_nerve_iv,Symptom,S_16202
graves_ophtalmopathy,Symptom,S_16232
extraocular_muscle_restriction/entrapment,Symptom,S_16236
pupillary abnormality,Symptom,S_16246
equal,Symptom,S_16247
relative_afferent_pupil_defect,Symptom,S_16248
bilateral_impairment,Symptom,S_16268
dilated_pupils,Symptom,S_16269
dorsal_midbrain_,Symptom,S_16270
neuromuscular_junction_dysfunction_,Symptom,S_16288
pharmacologic,Symptom,S_16294
constricted_pupils_,Symptom,S_16317
unequal,Symptom,S_16325
pathological_,Symptom,S_16326
impaired_constriction_,Symptom,S_16327
preganglionic,Symptom,S_16328
postganglionic,Symptom,S_16334
fixed_pupil,Symptom,S_16351
impaired_dilation_,Symptom,S_16366
red eye,Symptom,S_16405
atraumatic,Symptom,S_16406
lid/orbit/lacrimal_system_,Symptom,S_16407
ocular_surface_,Symptom,S_16426
intermediate_layers,Symptom,S_16446
intraocular_,Symptom,S_16462
traumatic,Symptom,S_16469
surface_injury,Symptom,S_16470
_blunt_trauma,Symptom,S_16482
_blunt_trauma_,Symptom,S_16486
globe_penetrating_injury,Symptom,S_16494
associated_injury_,Symptom,S_16497
strabismus,Symptom,S_16531
phoria,Symptom,S_16532
tropia,Symptom,S_16536
paretic,Symptom,S_16537
"horizontal_and/or_vertical;_(eso/exotropia,_hyper/hypotopia,_mixed)",Symptom,S_16538
tropia_,Symptom,S_16541
horizontal;_(eso/exotropia),Symptom,S_16548
non-paretic,Symptom,S_16552
developmental delay: development at least 2 standard deviations below expected for age,Symptom,S_16559
"developmental_delay,_loss_of_milestones_",Symptom,S_16560
developmental delay,Symptom,S_16562
"developmental_delay,_no_loss_of_milestones_",Symptom,S_16569
delay_in_2_or_more_domains_,Symptom,S_16570
"delay_in_2_or_more_domains_include:_motor_(fine_or_gross_motor),_language,_social_",Symptom,S_16571
delay_in_single_domain,Symptom,S_16574
motor_delay_(gross_motor_and/or_fine_motor),Symptom,S_16575
speech/language_delay_,Symptom,S_16595
social_delay_,Symptom,S_16615
school difficulty,Symptom,S_16622
environmental_,Symptom,S_16623
mental_health_,Symptom,S_16644
neuro_developmental_,Symptom,S_16656
medical_,Symptom,S_16668
small for gestational age,Symptom,S_16685
constitutionally_small,Symptom,S_16686
maternal_illness,Symptom,S_16687
placental_factors,Symptom,S_16725
large for gestational age,Symptom,S_16728
maternal_factors,Symptom,S_16729
congenital anomalies,Symptom,S_16738
isolated,Symptom,S_16739
malformation,Symptom,S_16740
deformation,Symptom,S_16743
multiple,Symptom,S_16748
"association_of_anomalies
(sydromic)",Symptom,S_16749
mass/structural,Symptom,S_16790
failure to thrive,Symptom,S_16809
adequate_calorie_consumption,Symptom,S_16810
increased_losses,Symptom,S_16811
increased_demands,Symptom,S_16829
failure_to__utilize,Symptom,S_16835
inadequate_calorie_consumption,Symptom,S_16840
organic_illness,Symptom,S_16841
protein-energy_malnutrition,Symptom,S_16853
psychosocial_illness,Symptom,S_16859
hypotonic infant,Symptom,S_16869
brain,Symptom,S_16872
anterior_horn_cell,Symptom,S_16900
nerves,Symptom,S_16916
neuromuscular_junction,Symptom,S_16924
systemic_illness,Symptom,S_16946
biliary/hepatic,Symptom,S_16955
upper_gi_tract,Symptom,S_16967
pancreatic,Symptom,S_16985
gi_tract,Symptom,S_16988
genitourina,Symptom,S_17009
spleen,Symptom,S_17027
generalized,Symptom,S_17038
upper_abdominal_pain,Symptom,S_17048
diffuse/lower_abdominal_pain,Symptom,S_17056
vomiting,Symptom,S_17065
"bilious
(surgical/acuta_abdomen)",Symptom,S_17066
non-bilious,Symptom,S_17072
red_falgs_present,Symptom,S_17113
no_red_flags_present,Symptom,S_17143
neonatal jaundice,Symptom,S_17180
"indirect_hyperbilirubnmia_
<20%direct",Symptom,S_17181
pysiologic,Symptom,S_17183
pathologic,Symptom,S_17187
increased_bilirubin_producton,Symptom,S_17188
non-hemolytic,Symptom,S_17189
hemolytic,Symptom,S_17201
extrinsic,Symptom,S_17202
intrinsic,Symptom,S_17223
decreased_bilirubin_clearance,Symptom,S_17235
increased_enterohepatic_circulation,Symptom,S_17250
"direct_(conjugated)_hyperbilirubinemia)_
>20%_direct",Symptom,S_17257
hpeatic,Symptom,S_17258
post_hepatic,Symptom,S_17276
pediatric diarrhea,Symptom,S_17280
"acute_
(<2_weeks)",Symptom,S_17299
red_flags_present,Symptom,S_17304
no_red_flags_preset,Symptom,S_17320
"bloody_
(red_flag)",Symptom,S_17351
dieraty/functional,Symptom,S_17360
neonate/infant_,Symptom,S_17362
mucous_membranes,Symptom,S_17422
non-painful,Symptom,S_17455
non-inflammatory,Symptom,S_17456
depressed/lethargic newborn,Symptom,S_17469
child_related,Symptom,S_17470
maternal_related,Symptom,S_17509
cyanosis,Symptom,S_17514
central_cyanosis,Symptom,S_17515
congenital_heart_disease,Symptom,S_17517
peripheral_cyanosis,Symptom,S_17591
limp,Symptom,S_17592
msk/traumatic,Symptom,S_17594
infectious/post-infectious,Symptom,S_17614
rheumatological,Symptom,S_17638
respiratory distress,Symptom,S_17668
cyanotic_heart_lessions,Symptom,S_17705
acyanotic_heart_lessions,Symptom,S_17733
neuromuscular,Symptom,S_17744
pediatric dyspnea,Symptom,S_17779
stridor,Symptom,S_17780
wheeze,Symptom,S_17795
wheezing in a child,Symptom,S_17806
cxr_non_specific,Symptom,S_17807
relief_with_beta-agonist,Symptom,S_17808
positive_sweat_cholride,Symptom,S_17812
wheeze_with_feeding,Symptom,S_17816
r/o_endobrachial_disease,Symptom,S_17828
cxr_abnormal,Symptom,S_17843
stridor in a child,Symptom,S_17860
present_since_infancy,Symptom,S_17861
no_respiratory_distress,Symptom,S_17862
respiratory_distress,Symptom,S_17866
non_present_since_infancy,Symptom,S_17889
non_acute_onset,Symptom,S_17890
febrile,Symptom,S_17907
afebrile,Symptom,S_17927
barking_cough,Symptom,S_17928
acute cough,Symptom,S_17941
upper_respiratory,Symptom,S_17943
lower_respiratory,Symptom,S_17975
non-respiratory,Symptom,S_17998
chronic cough,Symptom,S_18013
tachypnea,Symptom,S_18055
tachypnea_with_no_increased_work_of_breating,Symptom,S_18056
upper_airway_(extra_thoracic_obstruction_present),Symptom,S_18068
lower_airway_(intra-thoracic_obstruction_present),Symptom,S_18088
v/q_mismatch,Symptom,S_18089
diffusion_problem,Symptom,S_18124
r-->l_shunt,Symptom,S_18139
"normal_rr,_irregular_rr_or_bradypnea",Symptom,S_18157
sudden unexpected death in infancy,Symptom,S_18159
congenital_anomaly/disorder,Symptom,S_18160
injury,Symptom,S_18184
sudden_infant_death_syndrome_(sids),Symptom,S_18193
pediatric fractures,Symptom,S_18195
non-accidental_trauma,Symptom,S_18196
accidental_trauma,Symptom,S_18205
distal_radius,Symptom,S_18206
elbow,Symptom,S_18224
toddlers_fracture,Symptom,S_18232
eneuresis,Symptom,S_18234
nocturnal_enuresis,Symptom,S_18235
primary_nocturnal_enuresis,Symptom,S_18236
secondary_nocturnal_enuresis,Symptom,S_18240
diurnal_enuresis,Symptom,S_18247
bladder_function,Symptom,S_18248
behavioural,Symptom,S_18268
medical,Symptom,S_18276
apparent life threatening event,Symptom,S_18314
acute_illness,Symptom,S_18315
witnessed_choking_spell,Symptom,S_18407
apnea,Symptom,S_18419
sudden paroxysmal event,Symptom,S_18424
seizure,Symptom,S_18425
symptomatic,Symptom,S_18426
non-symptomatic,Symptom,S_18478
non-epileptic_paroxysmal_event,Symptom,S_18481
non-epileptic paroxysmal event,Symptom,S_18483
neonates_and_infants,Symptom,S_18484
behavioral/developmental,Symptom,S_18489
older_infants_and_toddlers,Symptom,S_18508
other_neurological,Symptom,S_18533
childhood_and_adolescents,Symptom,S_18540
infantile,Symptom,S_18576
pediatric epilepsies,Symptom,S_18578
childhood,Symptom,S_18582
generalized_epilepsies,Symptom,S_18583
focal_epilepsies,Symptom,S_18599
pediatric seizures,Symptom,S_18605
acute_symptomatic_seizures,Symptom,S_18606
epilepsy,Symptom,S_18630
remote_symptomatic,Symptom,S_18631
idiopathic/genetic,Symptom,S_18651
single_unprovoked_seizure,Symptom,S_18654
febrile seizures,Symptom,S_18656
simple_febrile_seizures,Symptom,S_18661
"no_investigations_for_seizure,_work-up_source_of_fever_(ear_exam,_consider_urinalysis_and_culture,_cbc)",Symptom,S_18663
complex_febrile_seizures,Symptom,S_18676
"aprox_1/3_risk_of_having_future_febrile_seizure,_slightly_increased_risk_of_epilepsy_(4-6%),_no_brain_damage_from_short_(<15_min)_sz",Symptom,S_18678
mood or anxiety disorder,Symptom,S_18695
mood,Symptom,S_18696
anxiety,Symptom,S_18707
ultrasound_mass,Symptom,S_18725
no_tumor,Symptom,S_18750
liver,Symptom,S_18751
kidney,Symptom,S_18756
distributive_shcok,Symptom,S_18808
obstructive_shcok,Symptom,S_18820
decreased_substrate,Symptom,S_18841
decreased_counter-regulation,Symptom,S_18854
increased_demand,Symptom,S_18876
disorders_of_coagulation,Symptom,S_18965
"long pt (inr), normal ptt",Symptom,S_19070
insuffucient_vitamin_k,Symptom,S_19074
"normal pt (inr), long ptt",Symptom,S_19093
hemophilia,Symptom,S_19096
dehydration,Symptom,S_19140
pseudo-hyponatremia,Symptom,S_19147
adh_suppressed,Symptom,S_19154
decreased_osmolar_intake,Symptom,S_19159
water_intoxication,Symptom,S_19169
adh_present,Symptom,S_19183
hypovolemic,Symptom,S_19184
extra_renal,Symptom,S_19203
euvolemic,Symptom,S_19220
"low_intravascular_volume,_low_eabv",Symptom,S_19236
"high_intravascular_volume,_high_eabv",Symptom,S_19260
hypernatremia,Symptom,S_19262
salt_excess,Symptom,S_19263
exogenous,Symptom,S_19264
endogenous,Symptom,S_19276
water_deficit,Symptom,S_19279
fluid_losses,Symptom,S_19280
osmotic_diuresis,Symptom,S_19282
diabetes_insipidus,Symptom,S_19306
reduced_intake,Symptom,S_19336
global developmental delay/intellectual disability,Symptom,S_19346
prenatal,Symptom,S_19347
perinatal,Symptom,S_19371
postnatal,Symptom,S_19380
fever,Symptom,S_19388
detailed_history_and_physical_exam,Symptom,S_19427
non_infectious,Symptom,S_19482
autoimmune/inflammatory,Symptom,S_19507
intake_reduced,Symptom,S_19522
non-organic_causes/contributors,Symptom,S_19523
organic_causes,Symptom,S_19551
intake_normal_or_high,Symptom,S_19566
failure_to_utilize,Symptom,S_19583
icreased_demands,Symptom,S_19587
decreased_growth_potential,Symptom,S_19603
"height>3rd_percentile._detailed_history,_physical_exam,_and_mid-parental_target_height",Symptom,S_19614
"concerning_symptoms:_low_weight,_dysmorphic,_delayed_puberty",Symptom,S_19615
pathological,Symptom,S_19616
dysmorphic,Symptom,S_19630
otherwise_well,Symptom,S_19655
non_pathological/normal_variant,Symptom,S_19656
assess_bone_age,Symptom,S_19657
bone_age=chronological_age,Symptom,S_19658
bone_age<chronological_age,Symptom,S_19665
non-dysmorphic,Symptom,S_19672
weight_disproportionately_low_(<3rd_%),Symptom,S_19673
psychosocial,Symptom,S_19674
chronic_disease,Symptom,S_19701
weight_appropiate_for_height,Symptom,S_19727
intrauterine_insults,Symptom,S_19800
murmur in the newborn,Symptom,S_19811
harsh_or_diastolic_murmur._cyanosis_or_hypoxia._abnormal_or_absent_pulses._upper_limb_blood_pressure_>20_mmhg_above_lower_limb_bp._clinically_unwell_or_unstable._sudden_deterloration,Symptom,S_19813
yes,Symptom,S_19814
pathological_murmur,Symptom,S_19815
cyanotic_congenital_heart_disease,Symptom,S_19816
acyanotic_congenital_heart_disease,Symptom,S_19872
no,Symptom,S_19912
benign_murmur,Symptom,S_19913
murmur beyond neonatal period,Symptom,S_19921
"normal_s2._early_systole,_no_diastolic_component._low_intensity._increased_intensity_with_fever,_anxiety._changes_with_position_and_valsalva._no_family_history_of_sudden_death",Symptom,S_19923
"excercise_intolerance._syncope_with_exertion._cyanosis._abnormal_s1_or_s2._loud_or_harsh_murmur._diastolic,_continuous,_pansystolic_or_late_systolic._ejection_click._displaced_apex._palpable_heave/thrill._abnormal_pulses._symptoms_suggestive_of_congestive_heart_failure_or_shock",Symptom,S_19943
acquired_heart_disease,Symptom,S_19950
complications associated with the extreme preterm infant complications (<34 weeks gestational age),Symptom,S_19982
hematology,Symptom,S_20025
infectious_diseases,Symptom,S_20034
complications associated with the late preterm infant complications (34-36 weeks gestational age),Symptom,S_20036
respiratory__,Symptom,S_20040
metabolic__,Symptom,S_20049
"normocytic,_normochromic_rbcs._increased_reticulocytes._if_chronic_may_have:_decreased_reticulocytes,_mcv,_mch,_mchc,_serum_iron,_ferritin._increased_tibc,_hypochromic_rbcs",Symptom,S_20059
"normocytic,_normochromic_rbcs._normal/decreased_reticulocytes._may_have_other_cell_lines_down",Symptom,S_20069
"increased_reticulocytes._increased_unconjugated_bilirubin,_decreased_hepatoglobin,_increased_ldh,_spherocytes_on_smear",Symptom,S_20094
hemolysis/increased_rbc_destruction,Symptom,S_20095
"normocytic,_normochromic_rbcs._increased_reticulocytes.",Symptom,S_20130
consumption/sequestration,Symptom,S_20131
low_mean_corpuscular_volume_for_age,Symptom,S_20144
normal_mean_corpuscular_volume_for_age,Symptom,S_20162
high_mean_corpuscular_volume_for_age,Symptom,S_20177
microcytic anemia,Symptom,S_20194
"ferritin_decreased,serum_iron_decreased,_tibc_increased,_fe/tibc_<18%_mcv/rbc>13",Symptom,S_20195
iron_deficiency,Symptom,S_20196
"ferritin_decreased,serum_iron_decreased,_tibc_increased,_fe/tibc_<18%_mcv/rbc>14",Symptom,S_20199
"ferritin_decreased,serum_iron_decreased,_tibc_increased,_fe/tibc_<18%_mcv/rbc>15",Symptom,S_20203
"ferritin,_normal/increased,_serum_iron_decreased,_tibc_normal/decreased,_fe/tibc_>18%",Symptom,S_20207
anemia_of_chronic_disease,Symptom,S_20208
"ferritin_normal/increased,_serum_iron_normal,_mcv/rbc<13,_±_basophilic_stippling,_±_increased_reticulocytes",Symptom,S_20211
hemoglobinopathies,Symptom,S_20212
"increased_hgba2,_normal_hgba_",Symptom,S_20213
"increased_hgba2,_increased_hgbf,_no_hgba_",Symptom,S_20218
paediatric infectious skin rash,Symptom,S_20225
"erythematous,_poorly_demacrated,_non-palpable,_blanchable_rash",Symptom,S_20227
pustules_with_overlying_thick_honey-yellow_crusts._occurs_in_clusters,Symptom,S_20231
"erythematous_sand-paper_like_rash_over_trunk,_extremities,_cheeks._strawberry_toungue._spares_palms_and_soles._pastia_lines",Symptom,S_20235
"widespread_erythroderma,_involving_the_face,_diaper,_and_intertriginous_areas._desquamation_and_crusting_present._nikolsky_sign",Symptom,S_20239
"purpic,_non_blanchable_rash_over_full_body",Symptom,S_20243
"erythematous,_blanchable_macules_spreading_cephalocaudally._koplik_spots._urti_symptoms_and_pharyngitis",Symptom,S_20247
"bright_red,_well_demacrated_rash_over_cheeks-_slapped-cheek_appearence._may_have_lacy_reticular_rash_over_hands_and_feet",Symptom,S_20251
"erythematous,_blanchable_macules_spreading_cephalocaudally._rash_usually_starts_after_fever_defervesces",Symptom,S_20255
"flesh_colored,_well_demacrated_papules_with_umbilicated_center",Symptom,S_20259
"vesicular_rash_filled_with_clear_fluid,_on_an_erythematous_base._highly_pruritic.",Symptom,S_20263
erythematous_papules_and_vesicles_distributed_over_hands_and_skin_folds._burrow_may_be_present._highly_pruritic,Symptom,S_20267
skin lesion,Symptom,S_20269
fluid-filled_,Symptom,S_20323
secondary_skin_lesion,Symptom,S_20343
skin rash eczematous,Symptom,S_20382
erythematous_or_violaceous_papules_&_plaques_with_overlying_scale,Symptom,S_20383
blisters_containing_non-purulent_fluid,Symptom,S_20386
blisters_containing_purulent_fluid,Symptom,S_20389
reactive_rash_with_various_morphology,Symptom,S_20392
pruritic/scaly/erythematous_lesions,Symptom,S_20395
coin_shaped_(discoid)_erythematous_plaques._,Symptom,S_20397
deep_scrated_tapioca-like__vesicles_on_hands/feet/_sides_of_digits,Symptom,S_20402
"well-demarcated_erythema,_papules,_vesicles,_erosions_scaling_confined_to_area_of_contact",Symptom,S_20407
yellowish-red_plaques_with_greasybdistinct_margins_on_scalp/face/central_chest_folds,Symptom,S_20412
erythematous_papules_and_vesicles_distributed_over_hands_and_skin_folds._burrow_may_be_present,Symptom,S_20417
erythematous_papules_and_vesicles_(acute)_or_lichenification_(chronic)_,Symptom,S_20422
